{
	"id": "app1.0",
	"doneButtonTitle": "KLAR",
	"pages": [{		
		"title": "Nu kan du skapa \nditt eget nyhetsflöde!",
		"subtitle": "Funktionen Nära mig ger dig koll på vad som händer i närheten av ditt hem, jobbet eller skolan.",
		"image": "onboard_papers",
		"theme": {
			"color": {
				"background": "#f7941d"
			}
		}
	}, {
		"title": "Välj vilket geografiskt \nområde du vill följa",
		"subtitle": "Så lokalt det kan bli! Du kan självklart följa fler än ett område.",
		"image": "onboard_map",
		"theme": {
			"color": {
				"background": "#f15a29"
			}
		}
	}, {
		"title": "Du hittar funktionen \nNära mig i menyn",
		"subtitle": "Du kan även välja att få push-notiser om något händer i just ditt område. \nLycka till!",
		"image": "onboard_diamond",
		"theme": {
			"color": {
				"background": "#ef4136"
			}
		}
	}]
}
