{"environment":"stage","tokenPrefix":"guest:","product":{"id":9,"name":"Infomaker Demo","uuid":"","authenticationServiceIdentifier":"guest","publisher":{"id":5,"name":"Infomaker"}},"startRoute":"issues","issuesResultsRange":20,"statProviders":[],"components":[{"primary":false,"name":"authMessageComponent","history":{"triggerEnabled":true,"closeOnBackButton":true,"watchIds":[]},"viewOptions":{"keepRemoteSessionOnFailedAuthorization":false},"context":".popup-body"},{"primary":false,"name":"popupComponent","history":{"triggerEnabled":false,"closeOnBackButton":true,"watchIds":[]},"viewOptions":{"closeButton":{"iconName":""}},"context":"#application","features":[]},{"primary":false,"name":"headerComponent","viewOptions":{},"context":"#main-header","features":[]},{"primary":false,"name":"footerComponent","context":"#main-footer","viewOptions":{"animate":true},"features":[]},{"primary":true,"name":"issueEntryComponent","history":{"route":"issues"},"viewOptions":{"fixed":true,"swiper":{"wrapperClass":"issue-entry-swiper-wrapper","slideClass":"cover","slidesPerView":"auto"},"displayCoversForIssueParts":true,"route":"pages","dateFormat":{"issueMeta":"%%weekday%% %%date%% %%month%%","downloadDialog":"%%weekday%%en den %%date%% %%month%%"},"headerOptions":{"viewOptions":{"visiblePart":true,"animate":true,"applicationClassName":"fixed full-header","viewClassName":"custom-header-border"}}},"context":"#application-content","features":[{"name":"coversIconFeature","model":{"className":"icon-link middle-aligned","iconName":"epaper-previous_page_icon"},"contexts":["#header .header-top-left"]},{"name":"textOutletFeature","model":{"className":"header-middle-text top-header-title"},"contexts":["#header .header-top-center"]},{"name":"dateFeature","model":{"className":"header-middle-text text-center","dateFormat":"%%weekday%% %%date%% %%month%% %%year%%"},"contexts":["#header .header-bottom-center"]}]},{"primary":true,"name":"readerComponent","history":{"route":"pages/{issueId}"},"viewOptions":{"reactToSidebar":false,"shareContentDefaults":{"iconName":""},"articleViewProperties":{"stickyHeader":true,"articlePubdate":{"dateFormat":"%%weekday%% %%date%% %%month%% %%year%%","context":".article","insertMethod":"insertBefore"}},"imageGalleryProperties":{"caption":{"displayPhotographer":true,"displayCaption":true,"hoverOnly":true,"showCaptionOnStart":false},"galleryNavigation":{"enabled":true,"hoverOnly":true,"arrowLeftClass":"epaper-navigate_left_arrow","arrowRightClass":"epaper-navigate_right_arrow"},"closeButtonIcon":{"iconName":"epaper-go_to_pages_icon"},"captionIcon":{"iconName":"im-icon im-icon-camera"}},"headerOptions":{"viewOptions":{"visiblePart":false,"animate":true,"applicationClassName":"sticky-header","viewClassName":""}}},"context":"#application-content","features":[{"name":"toggleArticleListIconFeature","model":{"className":"icon-link left-aligned article-list-toggler","startHidden":true,"activeSmallDevices":false,"icons":{"open":"epaper-article_list_open","close":"epaper-article_list_open"},"subjects":["sidebar"]},"contexts":["#header .header-top-left"]},{"name":"textsizeFeature","model":{"className":"icon-link center-aligned","icons":{"larger":"epaper-textsize_bigger","smaller":"epaper-textsize_smaller"}},"contexts":["#header .header-top-right"]},{"name":"pagesIconFeature","model":{"usePagesPageIndex":true,"usePagesPartId":true,"className":"icon-link center-aligned","iconName":"epaper-go_to_pages_icon"},"contexts":["#header .header-top-right"]},{"name":"articleListFeature","model":{"position":"left","transitTime":600,"animate":false,"hideOnSidebarTap":true,"hideOnListElementTap":true,"icons":{"open":"im-icon epaper-article_list_section_close","close":"im-icon epaper-article_list_section_open"}},"contexts":["#reader-wrapper"]},{"name":"prevNextNavigationFeature","model":{"windowBorderLinks":true,"icons":{"previous":"epaper-navigate_left_arrow","next":"epaper-navigate_right_arrow"},"noApp":true,"noTouch":true},"contexts":["#application-content"]}]},{"primary":true,"name":"pagesFacadeComponent","facade":true,"components":{"pdf":{"primary":true,"name":"pdfComponent","viewOptions":{"eventView":{"trigger":"tap"},"headerOptions":{"viewOptions":{"applicationClassName":"","viewClassName":""}},"hideOnTap":true,"bindOnTriggerEvent":[],"showPageLoadProgress":true},"history":{},"context":"#application-content","features":[{"name":"coversIconFeature","model":{"className":"icon-link middle-aligned","iconName":"epaper-previous_page_icon"},"contexts":["#header .header-top-left"]},{"name":"issueEntryIconFeature","model":{"className":"icon-link middle-aligned","iconName":"epaper-previous_page_icon"},"contexts":["#header .header-top-left"]},{"name":"prevNextNavigationFeature","model":{"windowBorderLinks":true,"icons":{"previous":"epaper-previous_page_icon","next":"epaper-next_page_icon"},"noApp":true,"noTouch":true},"contexts":["#application-content"]},{"name":"zoomButtonsFeature","closeEvents":["closeFeature:fullscreenFeature"],"model":{"className":"icon-link","vertical":true,"icons":{"zoomIn":{"position":0,"className":"icon-link center-aligned pdf-zoom-in-icon","iconName":"epaper-zoom_in_icon pdf-zoom-in"},"zoomOut":{"position":1,"className":"icon-link center-aligned pdf-zoom-out-icon","iconName":"epaper-zoom_out_icon pdf-zoom-out"}}},"contexts":["#application-content-overlay"]},{"name":"fullscreenFeature","model":{"className":"icon-link center-aligned","icons":{"enable":"epaper-open_fullscreen_icon","disable":"epaper-zoom_close_fullscreen"},"enabled":false},"contexts":["#application-content-overlay"]},{"name":"fullPortraitWidthFeature","model":{"fullWidthOnStart":false,"className":"icon-link center-aligned","icons":{"open":"epaper-show_page_icon","close":"epaper-show_spread_icon"}},"contexts":["#header .header-top-right"]},{"name":"toggleIconFeature","model":{"className":"icon-link hidden-small-only","icons":{"open":"im-icon im-icon-info-circle","close":"im-icon im-icon-info-circle"},"subjects":["info"]},"contexts":["#header .header-top-right"]},{"name":"toggleFooterIconFeature","prepend":true,"model":{"className":"icon-link center-aligned toggle-icon footer-toggle-icon","icons":{"open":"epaper-issue_overview_handle","close":"epaper-close_overview_handle"},"subjects":["footer"]},"contexts":["#main-footer"]},{"name":"readerIconFeature","model":{"className":"icon-link center-aligned","iconName":"epaper-go_to_reader_icon"},"contexts":["#header .header-top-right"]}]},"pdfNative":{"primary":true,"name":"pdfNativeComponent","viewOptions":{"dateFormat":{"issueTitle":"%%weekday%% %%date%% %%month%% %%year%%"}},"history":{},"context":"#application-content","features":[]},"tiled":{"primary":true,"name":"pagesComponent","history":{"route":"issues/{issueId}"},"viewOptions":{"skipFirstParts":true,"transitionToFirstPageInPortraitSpeed":0,"pageView":{"articleTriggerEvent":"tap"},"toggleOnTap":false,"hideOnTap":true,"headerOptions":{"viewOptions":{"visiblePart":false,"animate":false,"applicationClassName":"fixed","viewClassName":""}},"pageViewOptions":{"bindOnTriggerEvent":[]},"waitForDisplayOnce":false},"context":"#application-content","features":[{"name":"coversIconFeature","model":{"className":"icon-link middle-aligned","iconName":"epaper-previous_page_icon"},"contexts":["#header .header-top-left"]},{"name":"issueEntryIconFeature","model":{"className":"icon-link middle-aligned","iconName":"epaper-previous_page_icon"},"contexts":["#header .header-top-left"]},{"name":"pagesZoomFeature","closeEvents":["closeFeature:fullscreenFeature"],"model":{"vertical":true,"zoom":true,"fullWidth":true,"fullWidthOnStart":false,"fullWidthOnly":false,"target":"#application-content","className":"icon-link","icons":{"zoomMin":{"position":1,"customContext":false,"className":"center-aligned","iconName":"epaper-zoom_out_icon"},"zoomMax":{"position":0,"customContext":false,"className":"center-aligned","iconName":"epaper-zoom_in_icon"},"fullWidth":{"customContext":".header-top-right","className":"center-aligned","iconName":{"active":"epaper-show_page_icon","inactive":"epaper-show_spread_icon"}}}},"contexts":["#application-content"]},{"name":"fullscreenFeature","model":{"className":"icon-link center-aligned","icons":{"enable":"epaper-open_fullscreen_icon","disable":"epaper-zoom_close_fullscreen"},"enabled":false},"contexts":["#zoom-buttons-wrapper"]},{"name":"toggleIconFeature","model":{"className":"icon-link hidden-small-only","icons":{"open":"im-icon im-icon-info-circle","close":"im-icon im-icon-info-circle"},"subjects":["info"]},"contexts":["#header .header-top-right"]},{"name":"toggleFooterIconFeature","prepend":true,"model":{"className":"icon-link center-aligned toggle-icon footer-toggle-icon","icons":{"open":"epaper-issue_overview_handle","close":"epaper-close_overview_handle"},"subjects":["footer"]},"contexts":["#main-footer"]},{"name":"readerIconFeature","model":{"className":"icon-link center-aligned","iconName":"epaper-go_to_reader_icon"},"contexts":["#header .header-top-right"]},{"name":"prevNextNavigationFeature","model":{"windowBorderLinks":true,"icons":{"previous":"epaper-navigate_left_arrow","next":"epaper-navigate_right_arrow"},"noApp":true,"noTouch":true},"contexts":["#application"]}]}}},{"primary":false,"name":"thumbnailsComponent","viewOptions":{"freeMode":false,"freeModeFluid":false},"context":"#footer .footer-top-center","features":[]},{"primary":true,"name":"coversComponent","history":{},"viewOptions":{"subViewOptions":{"coverView":{"dateFormat":{"issueMeta":"%%weekday%% %%date%% %%month%%"},"downloadIcon":"download-icon epaper-issues_download_start","downloadedingIcon":"downloading-icon epaper-issues_download_cancel","unpackIcon":"unpack-icon epaper-issues_download_cancel","downloadedIcon":"downloaded-icon epaper-issues_download_ready","removingIcon":"removing-icon epaper-issues_download_cancel"}},"fixed":true,"entryOptions":{"renderType":"entry","hybridRenderType":"pages"},"headerOptions":{"viewOptions":{"visiblePart":true,"animate":true,"applicationClassName":"fixed full-header","viewClassName":"custom-header-border"}}},"context":"#application-content","features":[{"name":"deviceWaypointFeature","model":{"stores":{"ios":"","android":""},"className":"","noApp":true,"noCancel":true},"contexts":["#application"]},{"name":"eventTriggerButtonAFeature","model":{"eventToTrigger":"toggleNativeMenuEvent","eventPayload":{"native":{"name":"settings"}},"imgSrc":"","className":"icon-link android-menu-icon center-aligned","iconName":"epaper-android_menu_icon","noDesktop":true,"noIOS":true},"contexts":["#header .header-top-left"]},{"name":"logoFeature","model":{"extension":"svg","changeSrcOnSectionChange":false,"fallbackSrc":"logo","defaultSrc":"logo","noDesktop":true,"noAndroid":true},"contexts":["#header .header-top-left"]},{"name":"logoFeature","model":{"extension":"svg","changeSrcOnSectionChange":false,"fallbackSrc":"logo","defaultSrc":"logo","noApp":true},"contexts":["#header .header-top-center"]},{"name":"archiveSearchInputFeature","model":{"position":"right","toggleSearchIconName":{"active":"epaper-go_to_pages_icon","inactive":"im-icon-search"},"clearInputIconName":"im-icon-times-circle","pdfOnly":true},"contexts":["#header .header-top-right"]},{"name":"archiveSearchResultFeature","model":{"position":"right","preview":true,"transitTime":600,"animate":false,"hideOnSidebarTap":false,"hideOnListElementTap":true,"icons":{"open":"im-icon epaper-article_list_section_close","close":"im-icon epaper-article_list_section_open"},"pdfOnly":true,"className":"search-results"},"contexts":["#application-content"]},{"name":"currentUserFeature","model":{"className":"native-my-menu-button trigger-event-button-b logged-in-indicator icon-link center-aligned","iconName":{"active":"epaper-logout_icon","inactive":"epaper-logout_icon"},"showUserName":{"active":false,"inactive":false},"noApp":true},"contexts":["#header .header-top-right"]}]},{"primary":false,"name":"infoComponent","history":{"triggerEnabled":false,"closeOnBackButton":false,"watchIds":["pagesComponent","readerComponent"]},"context":"#application","features":[],"viewOptions":{"toggleClass":"move-up","inViewport":false,"instructions":[{"name":"pageturn","imgSrc":"images/infoComponent/keyboard_pageturn.png"},{"name":"zoom","imgSrc":"images/infoComponent/keyboard_zoom.png"},{"name":"scroll","imgSrc":"images/infoComponent/keyboard_scroll.png"},{"name":"read","imgSrc":"images/infoComponent/mouse_left-click_glow.png"}]}}]}