{
    "components": {

        "authMessageComponent": {
            "view": {
                "headline": ""
            },
            "features": {

            }
        },

        "headerComponent": {
            "view": {

            },
            "features": {
                "toggleIconFeature": {
                    "iconText": {
                        "activate" : "",
                        "inactivate": ""
                    }
                }
            }
        },
        "footerComponent": {
            "view": {

            },
            "features": {

            }
        },
        "popupComponent": {
            "view": {

            },
            "features": {

            }
        },
        "issueEntryComponent": {
            "view": {
                "componentView": {
                    "formattedPubDate": {
                        "iconText": "%%pubdate%%"
                    }
                },
                "coverView": {
                    "formattedPubDate": {
                        "iconText": "%%pubdate%%"
                    },
                    "progressMessage": {
                        "downloading": "Loading...",
                        "unpacking": "Unpacking..."
                    },
                    "downloadDialog": {
                        "title": "",
                        "message": "Vill du ladda ned utgåvan från %%pubdate%%?"
                    }
                }
            },
            "features": {
                "coversIconFeature": {
                    "iconText": "Archive"
                },
                "textOutletFeature": {
                    "textContent": "Select part"
                },
                "dateFeature": {
                    "formattedPubDate": {
                        "text": "%%pubdate%%"
                    }
                }
            }
        },
        "thumbnailsComponent": {
            "view": {

            },
            "features": {

            }
        },
        "readerComponent": {
            "view": {
                "componentView": {
                    "loadingMessage": "Loading articles"
                },
                "shareContentDefaults": {
                    "iconText": "Share"
                },
                "imageGallery": {
                    "photo": "Photo:",
                    "toggleCaption": "Show caption"
                }
            },
            "features": {
                "pagesIconFeature": {
                    "iconText": ""
                },
                "textsizeFeature": {
                    "iconText": {
                        "larger": "",
                        "smaller": ""
                    }
                },
                "toggleArticleListIconFeature": {
                    "iconText": {
                        "activate" : "",
                        "inactivate": ""
                    }
                },
                "socialShareFeature": {
                    "shareProviders": {
                        "facebook": {
                            "iconText": ""
                        },
                        "twitter": {
                            "iconText": ""
                        },
                        "google": {
                            "iconText": ""
                        },
                        "mail": {
                            "iconText": "",

                            "preSubject": "Infomaker Demo:",
                            "preBody": "Check out:"
                        }
                    }
                },
                "issueDetailsDisplayFeature": {
                    "pageNumber": "",
                    "articleNumber": ""
                },
                "prevNextNavigationFeature": {
                    "iconText": ""
                }
            }
        },
        "pdfComponent": {
            "view": {
                "componentView": {
                    "loadingMessage": "Loading pages"
                }
            },
            "features": {
                "coversIconFeature": {
                    "iconText": "Archive"
                },
                "issueEntryIconFeature": {
                    "iconText": "Select part"
                },
                "prevNextNavigationFeature": {
                    "iconText": ""
                },
                "fullscreenFeature": {
                    "iconText": {
                        "enable": "",
                        "disable": ""
                    }
                },
                "fullPortraitWidthFeature": {
                    "iconText": {
                        "activate": "",
                        "inactivate": ""
                    }
                },
                "zoomButtonsFeature": {
                    "iconText": {
                        "zoomIn": "",
                        "zoomOut": ""
                    }
                },
                "toggleIconFeature": {
                    "iconText": {
                        "activate" : "",
                        "inactivate": ""
                    }
                },
                "toggleFooterIconFeature": {
                    "iconText": {
                        "activate": "",
                        "inactivate": ""
                    }
                },
                "readerIconFeature": {
                    "iconText": ""
                }
            }
        },
        "pdfNativeComponent": {
            "view": {
                "componentView": {
                    "loadingMessage": "Loading pages"
                }
            }
        },
        "pagesComponent": {
            "view": {
                "componentView": {
                    "loadingMessage": "Loading pages"
                }
            },
            "features": {
                "coversIconFeature": {
                    "iconText": "Archive"
                },
                "issueEntryIconFeature": {
                    "iconText": "Select part"
                },
                "readerIconFeature": {
                    "iconText": ""
                },
                "fullscreenFeature": {
                    "iconText": {
                        "enable": "",
                        "disable": ""
                    }
                },
                "toggleIconFeature": {
                    "iconText": {
                        "activate" : "",
                        "inactivate": ""
                    }
                },
                "toggleFooterIconFeature": {
                    "iconText": {
                        "activate": "",
                        "inactivate": ""
                    }
                },
                "pagesZoomFeature": {
                    "iconText": {
                        "zoomMin": "",
                        "zoomMax": "",
                        "fullWidth": {
                            "spread": "",
                            "page": ""
                        }
                    }
                },
                "prevNextNavigationFeature": {
                    "iconText": ""
                }
            }
        },
        "coversComponent": {
            "view": {
                "componentView": {
                    "loadingMessage": "Loading issues",
                    "noDownloadedIssues": "No downloaded issues",
                    "noIssuesInArchive": "No issues"
                },
                "coverView": {
                    "progressMessage": {
                        "downloading": "Loading...",
                        "unpacking": "Unpacking..."
                    },
                    "formattedPubDate": {
                        "iconText": "%%pubdate%%"
                    }
                }
            },
            "features": {
                "deviceWaypointFeature": {
                    "title": "Download Infomaker Demo app from {{store}}",
                    "message": "Check out Infomaker Demo app on {{store}}.",
                    "stores": {
                        "ios": "App Store",
                        "android": "Google Play"
                    },
                    "windowsPhone": {
                        "title": "This app is not supported to run on a Windows Phone",
                        "message": "",
                        "confirm": "Ok",
                        "link": "http://infomaker.se"
                    },
                    "confirm": "Download",
                    "cancel": "Cancel"

                },
                "eventTriggerButtonAFeature": {
                    "iconText": ""
                },
                "downloadedCoversIconFeature": {
                    "iconText": {
                        "active": "Archive",
                        "inactive": "Downloaded issues"
                    }
                },
                "loadIssuesIconFeature": {
                    "iconText": "Load more issues"
                },
                "logoFeature": {},
                "archiveSearchInputFeature": {
                    "iconText": "",
                    "tooltip": "",
                    "placeholder": "Search the archive",
                    "search": "Search"
                },
                "archiveSearchResultFeature": {
                    "latest": {
                        "header": "Latest searches",
                        "noSearchesYet": "No previous searches",
                        "clearPreviousSearches": "Clear previous searches"
                    },
                    "results": {
                        "header": "0 hits",
                        "page": "page",
                        "part": "part",
                        "goToIssueTitle": "Read issue",
                        "noResults": "Found no pages containing given query.",
                        "langAttribute": "sv"
                    },
                    "filter": {
                        "filterButton": "filter",
                        "showPerPage": "Show per page",
                        "anytime": "Any time",
                        "today": "Today",
                        "latestWeek": "Latest week",
                        "latestMonth": "Latest month",
                        "latestYear": "Latest year",
                        "custom": "Custom date range",
                        "publicationDate": "Publication Date",
                        "from": "From",
                        "to": "To",
                        "cancel": "Cancel",
                        "ok": "Ok",
                        "showing": "Showing",
                        "thousandsDelimiter": " "
                    }

                },
                "currentUserFeature": {
                    "iconText": {
                        "login": "Login",
                        "logout": "Logout"
                    }
                }
            }
        },
        "infoComponent": {
            "view": {
                "title": "Så här navigerar du i Infomaker Demo",
                "instructions": {
                    "pageturn": {
                        "title": "Byta sida",
                        "message": "Använd höger och vänster piltangent för att bläddra mellan sidor eller artiklar."
                    },
                    "zoom": {
                        "title": "Zooma",
                        "message": "Zooma in och ut på en sida genom att trycka på mellanslagstangenten."
                    },
                    "scroll": {
                        "title": "Skrolla",
                        "message": "När du är inzoomad på en sida panorerar du runt med piltangenterna."
                    },
                    "read": {
                        "title": "Läsa artikel",
                        "message": "Klicka på en artikel om du föredrar att läsa den som en fristående artikel och inte som en del av tidningssidan"
                    }
                }
            },
            "features": {

            }
        }
    },
    "advertUtility": {
        "adPointer": "AD:"
    },
    "dateUtility": {
        "weekdays": {
            "untruncated": ["Sunday", "Monday", "Tuesday", "Wednesday", "Thursday", "Friday", "Saturday"],
            "truncated": ["Sun", "Mon", "Tue", "Wed", "Thu", "Fri", "Sat"]
        },
        "months": {
            "untruncated": ["January", "February", "March", "April", "May", "June", "July", "August", "September", "October", "November", "December"],
            "truncated": ["Jan", "Feb", "Mar", "Apr", "May", "Jun", "Jul", "Aug", "Sep", "Oct", "Nov", "Dec"]
        }
    },
    "downloadService": {
        "confirmDownload": {
            "title": "",
            "message": "Download issue from %%pubdate%%?",
            "cancelButton": "Cancel",
            "okButton": "Download"
        },
        "downloadInProgress": {
            "title": "",
            "message": "The issue is already downloading",
            "cancelButton": "Ok"
        },
        "removeIssue": {
            "title": "",
            "message": "Delete this issue?",
            "cancelButton": "Cancel",
            "okButton": "Delete"
        },
        "downloadFail": {
            "title": "Download failed",
            "message": "Try again",
            "cancelButton": "Cancel"
        }
    },
    "authService": {
        "genericAuthenticationErrorMessage": "Login failed. Try again later."
    },
    "index": {
        "title": "Infomaker Demo",
        "oldBrowser": "Den webbläsare du använder är föråldrad. För att kunna ta del av innehållet på sidan måste du uppdatera din webbläsare till en senare version."
    }
}
