{
  "versionCode": {
    "android": 43,
    "ios": 22
  },
  "version": {
    "android": "2.0.0-beta3",
    "ios": "2.0.0-beta3"
  },
  // Dummy comment to avoid merge conflicts
  "applicationID": {
    "android": "se.infomaker.demo",
    "ios": "se.infomaker.iap.Demo"
  },
  "applicationName": "Infomaker",
  "googleAnalyticsKey": "",
  "crashlyticsApiKey": "",
  "crashlyticsBuildSecret": "",
  "gcmSenderID": {
    "android": "16444481053"
  },
  "dependencies": {
    "android": [
      {
        "group": "se.infomaker",
        "name": "frtepaperhybrid",
        "version": "1.4.12-SNAPSHOT",
        "extension": "aar"
      },
      {
        "group" : "se.infomaker.iap.pdf",
        "name" : "pspdfkit-decoder",
        "version" : "2.8.1-SNAPSHOT",
        "extension" : "aar"
      },
      {
        "group" : "se.infomaker.iap",
        "name" : "myprofile",
        "version" : "0.1.1",
        "extension" : "aar"
      }
    ],
    "ios": [
      {
        "name": "iap-epaper-hybrid-ios",
        "version": "6.2.3"
      },
      {
        "name": "iap-myprofile-ios",
        "version": "5.7.0"
      }
    ]
  },
  "signing": {
  }
}
